size,time_ms,comparisons,swaps,array_accesses
100,0.2365,2663,2564,5326
1000,6.141291,251465,250466,502930
10000,30.273708,25159414,25149415,50318828
100000,1962.927,2502583188,2502483189,5005166376
